"EmployeeID";"NationalIDNumber";"ContactID";"LoginID";"ManagerID";"Title";"BirthDate";"MaritalStatus";"Gender";"HireDate";"SalariedFlag";"VacationHours";"SickLeaveHours";"CurrentFlag";"rowguid";"ModifiedDate"
1;"14417807";1209;"adventure-works\guy1";16;"Production Technician - WC60";15/05/1972 00:00:00;"M";"M";31/07/1996 00:00:00;false;21;30;true;0x4AD0E1AA37C27449B4D5935247737718;31/07/2004 00:00:00
2;"253022876";1030;"adventure-works\kevin0";6;"Marketing Assistant";03/06/1977 00:00:00;"S";"M";26/02/1997 00:00:00;false;42;41;true;0x4002481BC0950F41A717EB29943C8886;31/07/2004 00:00:00
3;"509647174";1002;"adventure-works\roberto0";12;"Engineering Manager";13/12/1964 00:00:00;"M";"M";12/12/1997 00:00:00;true;2;21;true;0x2CFBBB9BBBEF17429AB7F97689328841;31/07/2004 00:00:00
4;"112457891";1290;"adventure-works\rob0";3;"Senior Tool Designer";23/01/1965 00:00:00;"S";"M";05/01/1998 00:00:00;false;48;80;true;0x55797459B8873F448ED4F8AD3AFDF3A9;31/07/2004 00:00:00
5;"480168528";1009;"adventure-works\thierry0";263;"Tool Designer";29/08/1949 00:00:00;"M";"M";11/01/1998 00:00:00;false;9;24;true;0x7151951D73E7AD4F838240FD898D5D4D;31/07/2004 00:00:00
6;"24756624";1028;"adventure-works\david0";109;"Marketing Manager";19/04/1965 00:00:00;"S";"M";20/01/1998 00:00:00;true;40;40;true;0xAA2970E8BA2C034CB948D83AF0313E28;31/07/2004 00:00:00
7;"309738752";1070;"adventure-works\jolynn0";21;"Production Supervisor - WC60";16/02/1946 00:00:00;"S";"F";26/01/1998 00:00:00;false;82;61;true;0x961BC72C21F45E4898328723337749BB;31/07/2004 00:00:00
8;"690627818";1071;"adventure-works\ruth0";185;"Production Technician - WC10";06/07/1946 00:00:00;"M";"F";06/02/1998 00:00:00;false;83;61;true;0x05693B3E9E202E44B8A89A0980241C6A;31/07/2004 00:00:00
9;"695256908";1005;"adventure-works\gail0";3;"Design Engineer";29/10/1942 00:00:00;"M";"F";06/02/1998 00:00:00;true;5;22;true;0x09AE84ECB8F9154AB4A96CCBAB919B08;31/07/2004 00:00:00
10;"912265825";1076;"adventure-works\barry0";185;"Production Technician - WC10";27/04/1946 00:00:00;"S";"M";07/02/1998 00:00:00;false;88;64;true;0xAE606A758F37D8439F931E821D1EAF52;31/07/2004 00:00:00
11;"998320692";1006;"adventure-works\jossef0";3;"Design Engineer";11/04/1949 00:00:00;"M";"M";24/02/1998 00:00:00;true;6;23;true;0xF15690E3D59C8D47894514ACA7FBDCDD;31/07/2004 00:00:00
12;"245797967";1001;"adventure-works\terri0";109;"Vice President of Engineering";01/09/1961 00:00:00;"S";"F";03/03/1998 00:00:00;true;1;20;true;0x37F4E8450D67094493CBF9424A40D6EE;31/07/2004 00:00:00
13;"844973625";1072;"adventure-works\sidney0";185;"Production Technician - WC10";01/10/1946 00:00:00;"M";"M";05/03/1998 00:00:00;false;84;62;true;0xD903D640997FB748A580B17CF429BED2;31/07/2004 00:00:00
14;"233069302";1067;"adventure-works\taylor0";21;"Production Supervisor - WC50";03/05/1946 00:00:00;"M";"M";11/03/1998 00:00:00;false;79;59;true;0x89EFF72893278949B67D25046543C1E3;31/07/2004 00:00:00
15;"132674823";1073;"adventure-works\jeffrey0";185;"Production Technician - WC10";12/08/1946 00:00:00;"S";"M";23/03/1998 00:00:00;false;85;62;true;0x416F086E1DB8DC4B9F130EEC488DC43E;31/07/2004 00:00:00
16;"446466105";1068;"adventure-works\jo0";21;"Production Supervisor - WC60";09/11/1946 00:00:00;"S";"F";30/03/1998 00:00:00;false;80;60;true;0xC6AAFF8395B81F48B89714F965D4DA47;31/07/2004 00:00:00
17;"565090917";1074;"adventure-works\doris0";185;"Production Technician - WC10";06/05/1946 00:00:00;"M";"F";11/04/1998 00:00:00;false;86;63;true;0x26882B69B4033B4C82FC1FC6F1409689;31/07/2004 00:00:00
18;"494170342";1069;"adventure-works\john0";21;"Production Supervisor - WC60";08/09/1946 00:00:00;"M";"M";18/04/1998 00:00:00;false;81;60;true;0x781FEDD4287C9B47BFEFA73228BA2AAA;31/07/2004 00:00:00
19;"9659517";1075;"adventure-works\diane0";185;"Production Technician - WC10";30/04/1946 00:00:00;"M";"F";29/04/1998 00:00:00;false;87;63;true;0xD2B234C3560C06499095F1D07A98CBEC;31/07/2004 00:00:00
20;"443968955";1129;"adventure-works\steven0";173;"Production Technician - WC30";15/06/1967 00:00:00;"M";"M";02/01/1999 00:00:00;false;41;40;true;0xC937890AAA68484DBA4EB40493D764AA;31/07/2004 00:00:00
21;"277173473";1231;"adventure-works\peter0";148;"Production Control Manager";04/12/1972 00:00:00;"M";"M";02/01/1999 00:00:00;true;43;41;true;0x62D1D56917E8E7459DEC5D9B8310E7B1;26/01/2005 09:17:08
22;"835460180";1172;"adventure-works\stuart0";197;"Production Technician - WC45";14/10/1952 00:00:00;"S";"M";03/01/1999 00:00:00;false;84;62;true;0x4F1B364F207937409A0A46D616F9B9C7;31/07/2004 00:00:00
23;"687685941";1173;"adventure-works\greg0";197;"Production Technician - WC45";18/11/1960 00:00:00;"S";"M";03/01/1999 00:00:00;false;85;62;true;0x6B5D6BA3A572F8479F6B5D922130E760;31/07/2004 00:00:00
24;"498138869";1113;"adventure-works\david1";184;"Production Technician - WC30";03/12/1969 00:00:00;"S";"M";03/01/1999 00:00:00;false;25;32;true;0x2EE97EEDD0A93A4E8DEE4B143E459F7E;31/07/2004 00:00:00
25;"360868122";1054;"adventure-works\zheng0";21;"Production Supervisor - WC10";26/11/1973 00:00:00;"S";"M";04/01/1999 00:00:00;false;66;53;true;0x40275FC7E3ACBF4E91C57AB352E1095F;31/07/2004 00:00:00
26;"964089218";1097;"adventure-works\ivo0";108;"Production Technician - WC20";04/02/1972 00:00:00;"M";"M";05/01/1999 00:00:00;false;9;24;true;0xF3263AD8A77E7B47A5BB7EAADFC13A09;31/07/2004 00:00:00
27;"384162788";1156;"adventure-works\paul0";87;"Production Technician - WC40";15/12/1970 00:00:00;"S";"M";05/01/1999 00:00:00;false;68;54;true;0x9E0417026615B642802741B751E2B00B;31/07/2004 00:00:00
28;"749389530";1258;"adventure-works\ashvini0";150;"Network Administrator";28/04/1967 00:00:00;"S";"M";05/01/1999 00:00:00;false;70;55;true;0x1C0C682E027C434396266F97273414C0;31/07/2004 00:00:00
29;"571658797";1199;"adventure-works\kendall0";14;"Production Technician - WC50";30/06/1976 00:00:00;"M";"M";06/01/1999 00:00:00;false;11;25;true;0x2776206521558E4AAD3CB2F1B5226B85;31/07/2004 00:00:00
30;"535145551";1242;"adventure-works\paula0";140;"Human Resources Manager";14/03/1966 00:00:00;"M";"F";07/01/1999 00:00:00;true;54;47;true;0x158F02654941E54DB2039D7EC86BAF87;31/07/2004 00:00:00
31;"761597760";1140;"adventure-works\alejandro0";210;"Production Technician - WC40";06/01/1979 00:00:00;"S";"M";07/01/1999 00:00:00;false;52;46;true;0xD221738C642C02499D648F5C1EB7F747;31/07/2004 00:00:00
32;"271438431";1122;"adventure-works\garrett0";184;"Production Technician - WC30";26/09/1974 00:00:00;"S";"M";08/01/1999 00:00:00;false;34;37;true;0x2FF7F5A603AAB7418B6EB123BD360753;31/07/2004 00:00:00
33;"160739235";1124;"adventure-works\jianshuo0";135;"Production Technician - WC30";27/08/1973 00:00:00;"S";"M";08/01/1999 00:00:00;false;36;38;true;0x6A13FF6F6496B94E9243FAC76E21B9DD;31/07/2004 00:00:00
34;"586486572";1285;"adventure-works\susan0";85;"Stocker";20/03/1968 00:00:00;"S";"F";08/01/1999 00:00:00;false;97;68;true;0xD6CF3E9202E29A4291416CB183531439;31/07/2004 00:00:00
35;"337752649";1283;"adventure-works\vamsi0";85;"Shipping and Receiving Clerk";19/04/1967 00:00:00;"M";"M";08/01/1999 00:00:00;false;95;67;true;0xB28A83A8DE995C418675D82EBF1C4752;31/07/2004 00:00:00
36;"113695504";1183;"adventure-works\alice0";38;"Production Technician - WC50";27/02/1968 00:00:00;"M";"F";08/01/1999 00:00:00;false;95;67;true;0x212B637E110DBA4B8A688CAE14C20AE6;31/07/2004 00:00:00
37;"276751903";1226;"adventure-works\simon0";7;"Production Technician - WC60";17/06/1980 00:00:00;"S";"M";09/01/1999 00:00:00;false;38;39;true;0x8AD334F7B5561E478DEDA682E958A9B3;31/07/2004 00:00:00
38;"630184120";1065;"adventure-works\jinghao0";21;"Production Supervisor - WC50";09/03/1979 00:00:00;"S";"M";09/01/1999 00:00:00;false;77;58;true;0xD307CA2BACF20644904FE09156F3EB3E;31/07/2004 00:00:00
39;"545337468";1108;"adventure-works\michael0";182;"Production Technician - WC20";19/12/1974 00:00:00;"S";"M";10/01/1999 00:00:00;false;20;30;true;0x82FED64F5A53D14DBEB1154A8B5E42F0;31/07/2004 00:00:00
40;"713403643";1167;"adventure-works\yvonne0";159;"Production Technician - WC45";17/05/1979 00:00:00;"M";"F";10/01/1999 00:00:00;false;79;59;true;0xBFDAC6837DFD5B4FBB22EB7EEBB9A772;31/07/2004 00:00:00
41;"885055826";1269;"adventure-works\peng0";200;"Quality Assurance Supervisor";19/04/1966 00:00:00;"M";"M";10/01/1999 00:00:00;true;81;60;true;0x13D649E2C93644459B6F6CE50E5E0DA5;31/07/2004 00:00:00
42;"441044382";1253;"adventure-works\jean0";109;"Information Services Manager";13/01/1966 00:00:00;"S";"F";12/01/1999 00:00:00;true;65;52;true;0x1F0B4A796AC41C40984D008996FC7092;31/07/2004 00:00:00
43;"718299860";1194;"adventure-works\russell0";74;"Production Technician - WC50";27/12/1962 00:00:00;"M";"M";13/01/1999 00:00:00;false;6;23;true;0x2F19106B70D5C44782C93D979B1EFDC1;31/07/2004 00:00:00
44;"685233686";1232;"adventure-works\ascott0";148;"Master Scheduler";19/10/1958 00:00:00;"S";"M";13/01/1999 00:00:00;false;44;42;true;0x6292901336412F49BCA30B0E3773B03E;26/01/2005 09:17:08
45;"295971920";1135;"adventure-works\fred0";210;"Production Technician - WC40";27/07/1979 00:00:00;"S";"M";13/01/1999 00:00:00;false;47;43;true;0xE88A35450E0B114C90BBDAC3EC0D5C82;31/07/2004 00:00:00
46;"95958330";1033;"adventure-works\sariya0";6;"Marketing Specialist";21/06/1977 00:00:00;"S";"M";13/01/1999 00:00:00;false;45;42;true;0xB7F121AF9106AD48B325B8F2D7B2268A;31/07/2004 00:00:00
47;"332040978";1237;"adventure-works\willis0";30;"Recruiter";18/08/1968 00:00:00;"S";"M";14/01/1999 00:00:00;false;49;44;true;0xCC6ED8A117EA1B4B8369F1D07AB0A469;31/07/2004 00:00:00
48;"857651804";1178;"adventure-works\jun0";38;"Production Technician - WC50";06/08/1969 00:00:00;"S";"M";15/01/1999 00:00:00;false;90;65;true;0xD1845F9C96FB824D92A1F932903DEAAD;31/07/2004 00:00:00
49;"553069203";1280;"adventure-works\christian0";218;"Maintenance Supervisor";18/02/1966 00:00:00;"M";"M";15/01/1999 00:00:00;true;92;66;true;0xC5C71146A0907F40B05493BD51533609;31/07/2004 00:00:00
50;"351069889";1119;"adventure-works\susan1";184;"Production Technician - WC30";03/05/1973 00:00:00;"S";"F";15/01/1999 00:00:00;false;31;35;true;0xD5753DF77BB4EE46AD117BF13DD6C55D;31/07/2004 00:00:00
51;"370989364";1060;"adventure-works\reuben0";21;"Production Supervisor - WC40";27/09/1977 00:00:00;"M";"M";16/01/1999 00:00:00;false;72;56;true;0xA6E2EE71B3B9F44B894901239DF7C901;31/07/2004 00:00:00
52;"275962311";1162;"adventure-works\kirk0";123;"Production Technician - WC45";10/03/1975 00:00:00;"S";"M";16/01/1999 00:00:00;false;74;57;true;0xAA5BD2087B169C498B5131DCC856A8CF;31/07/2004 00:00:00
53;"36151748";1221;"adventure-works\david2";18;"Production Technician - WC60";30/01/1975 00:00:00;"M";"M";16/01/1999 00:00:00;false;33;36;true;0xB87B61FCA3D27443873C8EF38D80127D;31/07/2004 00:00:00
54;"540688287";1264;"adventure-works\tengiz0";90;"Control Specialist";29/05/1980 00:00:00;"S";"M";17/01/1999 00:00:00;false;76;58;true;0xB2B309C669790C41934C62C34B63C4EE;31/07/2004 00:00:00
55;"568596888";1103;"adventure-works\hanying0";143;"Production Technician - WC20";16/11/1964 00:00:00;"S";"M";17/01/1999 00:00:00;false;15;27;true;0xBC718B618C6E2D498862B9EFB7A4E06A;31/07/2004 00:00:00
56;"918737118";1146;"adventure-works\kevin1";210;"Production Technician - WC40";26/01/1976 00:00:00;"S";"M";18/01/1999 00:00:00;false;58;49;true;0xFF957EDC5E27C2418ED3686864F0540A;31/07/2004 00:00:00
57;"801758002";1205;"adventure-works\annik0";16;"Production Technician - WC60";27/01/1967 00:00:00;"M";"M";18/01/1999 00:00:00;false;17;28;true;0xACE6FD5150BD7C4690E510CA7310455C;31/07/2004 00:00:00
58;"415823523";1181;"adventure-works\suroor0";38;"Production Technician - WC50";28/03/1968 00:00:00;"S";"M";18/01/1999 00:00:00;false;93;66;true;0x0E0B011401C1414EB78821923399E512;31/07/2004 00:00:00
59;"363923697";1248;"adventure-works\deborah0";139;"Accounts Receivable Specialist";07/04/1966 00:00:00;"M";"F";19/01/1999 00:00:00;false;60;50;true;0x5454F7098C02CA46BC080147BD0220D7;31/07/2004 00:00:00
60;"674171828";1189;"adventure-works\jim0";74;"Production Technician - WC50";09/10/1976 00:00:00;"M";"M";20/01/1999 00:00:00;false;1;20;true;0x6E877561CC8F1749BE06FC358515E6DF;31/07/2004 00:00:00
61;"138280935";1130;"adventure-works\carole0";173;"Production Technician - WC30";19/11/1973 00:00:00;"M";"F";20/01/1999 00:00:00;false;42;41;true;0xF1416AC790A3E44AA82A2A87764C6391;31/07/2004 00:00:00
62;"476115505";1114;"adventure-works\george0";184;"Production Technician - WC30";18/05/1967 00:00:00;"M";"M";22/01/1999 00:00:00;false;26;33;true;0xA219B101F32A7547818EB421FECB07A7;31/07/2004 00:00:00
63;"502058701";1157;"adventure-works\gary0";87;"Production Technician - WC40";17/06/1978 00:00:00;"S";"M";23/01/1999 00:00:00;false;69;54;true;0x52603DA0851FBE4EAAC9B67CFDCD91A6;31/07/2004 00:00:00
64;"7201901";1055;"adventure-works\cristian0";21;"Production Supervisor - WC10";13/05/1974 00:00:00;"M";"M";23/01/1999 00:00:00;false;67;53;true;0x1664E15B70857D419E54047DB468B5E9;31/07/2004 00:00:00
65;"97728960";1098;"adventure-works\raymond0";143;"Production Technician - WC20";02/04/1957 00:00:00;"M";"M";24/01/1999 00:00:00;false;10;25;true;0xFBE1019F93B8CC409F5CAAF89F9B7AF5;31/07/2004 00:00:00
66;"525932996";1259;"adventure-works\janaina0";42;"Application Specialist";03/03/1975 00:00:00;"M";"F";24/01/1999 00:00:00;true;71;55;true;0xC7351524317A6A4A9E0DA83C30C2EDDA;31/07/2004 00:00:00
67;"843479922";1200;"adventure-works\bob0";14;"Production Technician - WC50";16/09/1969 00:00:00;"S";"M";25/01/1999 00:00:00;false;12;26;true;0xEA6A6168E5814049A7E46FBA882BCCF6;31/07/2004 00:00:00
68;"370487086";1141;"adventure-works\shammi0";210;"Production Technician - WC40";05/11/1970 00:00:00;"M";"M";25/01/1999 00:00:00;false;53;46;true;0x940CEF9B697905499A42CE469C754800;31/07/2004 00:00:00
69;"54759846";1184;"adventure-works\linda0";38;"Production Technician - WC50";17/08/1977 00:00:00;"M";"F";26/01/1999 00:00:00;false;96;68;true;0x9C7584FB87B6B2438727125EFE0F5E13;31/07/2004 00:00:00
70;"619308550";1239;"adventure-works\mindy0";30;"Benefits Specialist";22/12/1974 00:00:00;"M";"F";26/01/1999 00:00:00;false;51;45;true;0xB67A4D83E6064449B42F028CD4BD388E;31/07/2004 00:00:00
71;"121491555";1243;"adventure-works\wendy0";140;"Finance Manager";12/11/1974 00:00:00;"S";"F";26/01/1999 00:00:00;true;55;47;true;0x0804418FA84A674D886D530BFE4EBE3B;31/07/2004 00:00:00
72;"420776180";1286;"adventure-works\kim0";85;"Stocker";01/06/1974 00:00:00;"S";"F";27/01/1999 00:00:00;false;98;69;true;0x97F150612379D44084F2936207D468AB;31/07/2004 00:00:00
73;"604664374";1125;"adventure-works\sandra0";135;"Production Technician - WC30";06/12/1965 00:00:00;"M";"F";27/01/1999 00:00:00;false;37;38;true;0xF93F9FF6E0E11944A6BFF705E1556160;31/07/2004 00:00:00
74;"778552911";1066;"adventure-works\kok-ho0";21;"Production Supervisor - WC50";30/05/1970 00:00:00;"S";"M";28/01/1999 00:00:00;false;78;59;true;0x0F2CFB5705B1F049967A88F3D743CB3F;31/07/2004 00:00:00
75;"435234965";1168;"adventure-works\douglas0";159;"Production Technician - WC45";26/12/1975 00:00:00;"M";"M";28/01/1999 00:00:00;false;80;60;true;0xEBEDB01A5875344784235A11B44DCA35;31/07/2004 00:00:00
76;"339712426";1227;"adventure-works\james0";7;"Production Technician - WC60";26/08/1974 00:00:00;"M";"M";28/01/1999 00:00:00;false;39;39;true;0x5A2DE5825B166D4C9773C3A6B6332ECD;31/07/2004 00:00:00
77;"403414852";1270;"adventure-works\sean0";41;"Quality Assurance Technician";07/04/1966 00:00:00;"S";"M";29/01/1999 00:00:00;false;82;61;true;0xCF28E13404D9274380149DF0D5DE7D08;31/07/2004 00:00:00
78;"368920189";1109;"adventure-works\nitin0";182;"Production Technician - WC20";01/01/1977 00:00:00;"S";"M";29/01/1999 00:00:00;false;21;30;true;0x8767BCEB2D3F6B4F9EA34DEF02EF382E;31/07/2004 00:00:00
79;"811994146";1050;"adventure-works\diane1";158;"Research and Development Engineer";06/07/1976 00:00:00;"S";"F";30/01/1999 00:00:00;true;62;51;true;0x352611313B661840B4A2A685C0BF48A4;31/07/2004 00:00:00
80;"330211482";1211;"adventure-works\rebecca0";16;"Production Technician - WC60";11/08/1967 00:00:00;"M";"F";30/01/1999 00:00:00;false;23;31;true;0x5CEBADBD96A5A14D88BA842C7A0CC10F;31/07/2004 00:00:00
81;"632092621";1136;"adventure-works\rajesh0";210;"Production Technician - WC40";05/11/1967 00:00:00;"M";"M";01/02/1999 00:00:00;false;48;44;true;0x0CB4A7ACC07AAA4DB4C71051D850D7D9;31/07/2004 00:00:00
82;"264306399";1238;"adventure-works\vidur0";30;"Recruiter";02/09/1974 00:00:00;"S";"M";02/02/1999 00:00:00;false;50;45;true;0x596BE74737B17245AD556B3E68C13BD3;31/07/2004 00:00:00
83;"981597097";1179;"adventure-works\john1";38;"Production Technician - WC50";01/07/1968 00:00:00;"S";"M";02/02/1999 00:00:00;false;91;65;true;0x108499B60FEE07439E6EFE348F11012D;31/07/2004 00:00:00
84;"693325305";1222;"adventure-works\nancy0";7;"Production Technician - WC60";21/12/1978 00:00:00;"M";"F";03/02/1999 00:00:00;false;34;37;true;0x06B37E6B009A6A4998A94E94FE72F77C;31/07/2004 00:00:00
85;"521265716";1281;"adventure-works\pilar0";21;"Shipping and Receiving Supervisor";11/10/1962 00:00:00;"S";"M";03/02/1999 00:00:00;true;93;66;true;0x22CEBC013AD63F4C9BA8D3D5A4C3BD52;31/07/2004 00:00:00
86;"746373306";1120;"adventure-works\david3";184;"Production Technician - WC30";04/09/1971 00:00:00;"S";"M";03/02/1999 00:00:00;false;32;36;true;0xD458C38493242C45B7D6B212C893A009;31/07/2004 00:00:00
87;"750905084";1061;"adventure-works\david4";21;"Production Supervisor - WC40";02/08/1973 00:00:00;"S";"M";04/02/1999 00:00:00;false;73;56;true;0xE83865515B11F444AA7BE6C1D9F8ADFC;31/07/2004 00:00:00
88;"514829225";1163;"adventure-works\laura0";123;"Production Technician - WC45";26/01/1971 00:00:00;"S";"F";04/02/1999 00:00:00;false;75;57;true;0xBA65CDFC02270944AE5675AF1710AC78;31/07/2004 00:00:00
89;"750246141";1206;"adventure-works\margie0";16;"Production Technician - WC60";20/06/1976 00:00:00;"M";"F";05/02/1999 00:00:00;false;18;29;true;0x2F6E2D355B65A2499FECEFD7D8CD0D30;31/07/2004 00:00:00
90;"345106466";1265;"adventure-works\zainal0";200;"Document Control Manager";02/03/1966 00:00:00;"M";"M";05/02/1999 00:00:00;false;77;58;true;0xEDEE60DC9F9F354486664DE4FAFDE9C3;31/07/2004 00:00:00
91;"19312190";1137;"adventure-works\lorraine0";210;"Production Technician - WC40";28/12/1978 00:00:00;"M";"F";05/02/1999 00:00:00;false;49;44;true;0xB66639A6D69ABC40AFD4A83745879F4D;31/07/2004 00:00:00
92;"212801092";1104;"adventure-works\fadi0";143;"Production Technician - WC20";19/03/1979 00:00:00;"S";"M";05/02/1999 00:00:00;false;16;28;true;0x6F372399D02645489D99CC3D696CAEB8;31/07/2004 00:00:00
93;"769680433";1147;"adventure-works\ryan0";51;"Production Technician - WC40";15/07/1962 00:00:00;"M";"M";06/02/1999 00:00:00;false;59;49;true;0x6FBDE5109C2B9241A94D6A2D50EA1ADB;31/07/2004 00:00:00
94;"60517918";1249;"adventure-works\candy0";139;"Accounts Receivable Specialist";26/03/1966 00:00:00;"S";"F";07/02/1999 00:00:00;false;61;50;true;0x3B719F9E7C707E4F9504DE188052A045;31/07/2004 00:00:00
95;"431859843";1190;"adventure-works\nuan0";74;"Production Technician - WC50";29/04/1969 00:00:00;"S";"M";07/02/1999 00:00:00;false;2;21;true;0x579308A62F2FCC48AB3CD9B75A3C09D7;31/07/2004 00:00:00
96;"621209647";1233;"adventure-works\william0";44;"Scheduling Assistant";08/12/1971 00:00:00;"M";"M";08/02/1999 00:00:00;false;45;42;true;0x62CD681AE96F134690D42CD178E4E54A;31/07/2004 00:00:00
97;"420023788";1131;"adventure-works\bjorn0";173;"Production Technician - WC30";08/12/1979 00:00:00;"S";"M";08/02/1999 00:00:00;false;43;41;true;0xE0E142A95E2D584897C0947020E96860;31/07/2004 00:00:00
98;"199546871";1174;"adventure-works\scott0";197;"Production Technician - WC45";13/03/1977 00:00:00;"M";"M";09/02/1999 00:00:00;false;86;63;true;0x0AA55DE351BB084E8B8D87EF4650247A;31/07/2004 00:00:00
99;"830150469";1158;"adventure-works\michael1";87;"Production Technician - WC40";04/02/1981 00:00:00;"S";"M";11/02/1999 00:00:00;false;70;55;true;0x05F96B416C7D92468FD640F6C4F9ECC4;31/07/2004 00:00:00
100;"322160340";1099;"adventure-works\lane0";143;"Production Technician - WC20";24/10/1964 00:00:00;"M";"M";12/02/1999 00:00:00;false;11;25;true;0xB82724048338874AA6A3724EE1690F49;31/07/2004 00:00:00
101;"827686041";1201;"adventure-works\pete0";14;"Production Technician - WC50";07/03/1967 00:00:00;"S";"M";12/02/1999 00:00:00;false;13;26;true;0x3D811D1FDC3E74428E9B4519D71685B6;31/07/2004 00:00:00
102;"671089628";1260;"adventure-works\dan0";42;"Application Specialist";28/07/1971 00:00:00;"M";"M";12/02/1999 00:00:00;true;72;56;true;0x10D0B071C55A914E8EFAC311C1372A73;31/07/2004 00:00:00
103;"231203233";1244;"adventure-works\david5";140;"Assistant to the Chief Financial Officer";23/07/1954 00:00:00;"S";"M";13/02/1999 00:00:00;false;56;48;true;0x77FD81BE8C429F44AB7948B1CDF53D6A;31/07/2004 00:00:00
104;"204035155";1195;"adventure-works\lolan0";74;"Production Technician - WC50";25/02/1963 00:00:00;"M";"M";13/02/1999 00:00:00;false;7;23;true;0x8D769B9BC17CCE4D87CB765AB73A6AFF;31/07/2004 00:00:00
105;"992874797";1142;"adventure-works\paula1";210;"Production Technician - WC40";13/03/1977 00:00:00;"M";"F";13/02/1999 00:00:00;false;54;47;true;0x46BED25D4F20F34A91F55EF082F6D6A6;31/07/2004 00:00:00
106;"767955365";1034;"adventure-works\mary0";6;"Marketing Specialist";14/10/1952 00:00:00;"M";"F";13/02/1999 00:00:00;false;46;43;true;0x309889907E12764885CA7F6E03025281;31/07/2004 00:00:00
107;"342607223";1185;"adventure-works\mindaugas0";38;"Production Technician - WC50";07/06/1968 00:00:00;"M";"M";14/02/1999 00:00:00;false;97;68;true;0x8840781DCBDA85419F603D2DB4925BA5;31/07/2004 00:00:00
108;"45615666";1228;"adventure-works\eric0";21;"Production Supervisor - WC20";20/02/1975 00:00:00;"M";"M";15/02/1999 00:00:00;false;40;40;true;0x9BF3BC2AD788FA49820A83D223322BA5;31/07/2004 00:00:00
109;"295847284";1287;"adventure-works\ken0";null;"Chief Executive Officer";02/03/1959 00:00:00;"S";"M";15/02/1999 00:00:00;true;99;69;true;0xE55112F0A3968D44981E0F99D789110D;31/07/2004 00:00:00
110;"733022683";1126;"adventure-works\jason0";135;"Production Technician - WC30";08/01/1979 00:00:00;"S";"M";15/02/1999 00:00:00;false;38;39;true;0x1D506CC12D94B04EB5C4EF8119FBEBA2;31/07/2004 00:00:00
111;"381772114";1271;"adventure-works\mark0";41;"Quality Assurance Technician";31/05/1976 00:00:00;"S";"M";16/02/1999 00:00:00;false;83;61;true;0x27EF636B552C4C4FBE29FCE8B694DC4A;31/07/2004 00:00:00
112;"187369436";1169;"adventure-works\janeth0";159;"Production Technician - WC45";25/08/1962 00:00:00;"S";"F";16/02/1999 00:00:00;false;81;60;true;0xCBB861823FBCCE4BB36486035D870263;31/07/2004 00:00:00
113;"364818297";1110;"adventure-works\marc0";184;"Production Technician - WC30";24/11/1976 00:00:00;"M";"M";17/02/1999 00:00:00;false;22;31;true;0xBC1A151F4ADB1A438A5D15F46C5B8FFC;31/07/2004 00:00:00
114;"658797903";1051;"adventure-works\gigi0";158;"Research and Development Engineer";21/02/1969 00:00:00;"M";"F";17/02/1999 00:00:00;true;63;51;true;0xC6CDB6507075EF47957048A64B5F2ECF;31/07/2004 00:00:00
115;"886023130";1094;"adventure-works\paul1";108;"Production Technician - WC20";05/12/1980 00:00:00;"M";"M";18/02/1999 00:00:00;false;6;23;true;0x22A65BDC60B8EE41AF925FEB4779B589;31/07/2004 00:00:00
116;"749211824";1144;"adventure-works\frank0";210;"Production Technician - WC40";07/10/1977 00:00:00;"M";"M";18/02/1999 00:00:00;false;56;48;true;0x78D29ADD17EDCF408619BAF1BB9D1CF2;31/07/2004 00:00:00
117;"643805155";1255;"adventure-works\fran√ßois0";42;"Database Administrator";17/06/1965 00:00:00;"S";"M";18/02/1999 00:00:00;true;67;53;true;0x5D027F0C568DEF4886C0F09DB63D0182;31/07/2004 00:00:00
118;"92096924";1196;"adventure-works\diane2";14;"Production Technician - WC50";10/09/1979 00:00:00;"S";"F";19/02/1999 00:00:00;false;8;24;true;0x21291A7215C4DE46911113F25F428B8B;31/07/2004 00:00:00
119;"72636981";1035;"adventure-works\jill0";6;"Marketing Specialist";19/07/1969 00:00:00;"M";"F";19/02/1999 00:00:00;false;47;43;true;0x585C5753A1FB1A4CB8FF95E050B44393;31/07/2004 00:00:00
120;"563680513";1180;"adventure-works\angela0";38;"Production Technician - WC50";01/07/1981 00:00:00;"S";"F";21/02/1999 00:00:00;false;92;66;true;0xC3E1584972C82242954E09D2060EA7EF;31/07/2004 00:00:00
121;"584205124";1282;"adventure-works\matthias0";85;"Shipping and Receiving Clerk";13/12/1963 00:00:00;"M";"M";21/02/1999 00:00:00;false;94;67;true;0xDC63ED542CC6C74C89C2015DF49C49A5;31/07/2004 00:00:00
122;"458159238";1223;"adventure-works\bryan0";7;"Production Technician - WC60";28/09/1963 00:00:00;"S";"M";22/02/1999 00:00:00;false;35;37;true;0xE4D45246276AED479F51C377E293DA28;31/07/2004 00:00:00
123;"712885347";1062;"adventure-works\jeff0";21;"Production Supervisor - WC45";16/02/1967 00:00:00;"M";"M";22/02/1999 00:00:00;false;74;57;true;0x9E457D7C491F7D429BD5DE31880C85DC;31/07/2004 00:00:00
124;"87268837";1121;"adventure-works\eugene0";184;"Production Technician - WC30";15/08/1977 00:00:00;"S";"M";22/02/1999 00:00:00;false;33;36;true;0x74D3A11BAE18ED48938F6F5D2EEC4D4D;31/07/2004 00:00:00
125;"969985265";1105;"adventure-works\barbara0";182;"Production Technician - WC20";02/08/1969 00:00:00;"M";"F";23/02/1999 00:00:00;false;17;28;true;0xBB9C5C04483499459FA96C7A9F82F832;31/07/2004 00:00:00
126;"539490372";1164;"adventure-works\chris0";123;"Production Technician - WC45";17/01/1979 00:00:00;"M";"M";23/02/1999 00:00:00;false;76;58;true;0xF323023087553042909BD9C4AFD6D683;31/07/2004 00:00:00
127;"242381745";1266;"adventure-works\sean1";90;"Document Control Assistant";12/04/1977 00:00:00;"S";"M";23/02/1999 00:00:00;false;78;59;true;0xA95786F7EF834D4B98093C4C6D1A7BB4;31/07/2004 00:00:00
128;"929666391";1254;"adventure-works\dan1";42;"Database Administrator";06/02/1966 00:00:00;"M";"M";23/02/1999 00:00:00;true;66;53;true;0xA9E174242D906C46B0B26DCAC927F753;31/07/2004 00:00:00
129;"948320468";1207;"adventure-works\mark1";16;"Production Technician - WC60";26/10/1969 00:00:00;"S";"M";24/02/1999 00:00:00;false;19;29;true;0xDFC6B2CDE593584591C8424D5E7C658B;31/07/2004 00:00:00
130;"931190412";1250;"adventure-works\bryan1";139;"Accounts Receivable Specialist";22/10/1974 00:00:00;"S";"M";25/02/1999 00:00:00;false;62;51;true;0xEC713ECB81A3164787DFD3841AB9795A;31/07/2004 00:00:00
131;"153288994";1191;"adventure-works\houman0";74;"Production Technician - WC50";30/09/1961 00:00:00;"M";"M";26/02/1999 00:00:00;false;3;21;true;0xE8B2E89C4499A54B97DE441D8314F161;31/07/2004 00:00:00
132;"981495526";1234;"adventure-works\sairaj0";44;"Scheduling Assistant";22/01/1978 00:00:00;"M";"M";27/02/1999 00:00:00;false;46;43;true;0x20A7364D32CE474C866ADB7844449309;31/07/2004 00:00:00
133;"363996959";1132;"adventure-works\michiko0";173;"Production Technician - WC30";28/07/1972 00:00:00;"S";"M";27/02/1999 00:00:00;false;44;42;true;0xB6F559F3185E624C853114D951911CE5;31/07/2004 00:00:00
134;"585408256";1116;"adventure-works\benjamin0";184;"Production Technician - WC30";06/02/1976 00:00:00;"S";"M";28/02/1999 00:00:00;false;28;34;true;0x24F8A6F15B890F4AAF1B05FBA703E69F;31/07/2004 00:00:00
135;"386315192";1057;"adventure-works\cynthia0";21;"Production Supervisor - WC30";19/09/1971 00:00:00;"S";"F";28/02/1999 00:00:00;false;69;54;true;0x46DCE1F9030D8A4AB6931A964BC13E6C;31/07/2004 00:00:00
136;"167554340";1175;"adventure-works\kathie0";197;"Production Technician - WC45";02/12/1980 00:00:00;"M";"F";28/02/1999 00:00:00;false;87;63;true;0xD784FC2513E0B84482CD63CD4723AF81;31/07/2004 00:00:00
137;"410742000";1202;"adventure-works\britta0";16;"Production Technician - WC60";30/10/1979 00:00:00;"M";"F";02/03/1999 00:00:00;false;14;27;true;0x7F6712FCF8429047AD69685088ED7E5F;31/07/2004 00:00:00
138;"746201340";1143;"adventure-works\brian0";210;"Production Technician - WC40";14/03/1967 00:00:00;"S";"M";02/03/1999 00:00:00;false;55;47;true;0xA894D518EDB4C0439C436033FEAADF4E;31/07/2004 00:00:00
139;"30845";1245;"adventure-works\david6";140;"Accounts Manager";08/08/1973 00:00:00;"M";"M";03/03/1999 00:00:00;true;57;48;true;0x34D5C92DD1F5144A82820A2A0EB6FD4D;31/07/2004 00:00:00
140;"184188301";1288;"adventure-works\laura1";109;"Chief Financial Officer";06/02/1966 00:00:00;"M";"F";04/03/1999 00:00:00;true;0;20;true;0xA615E3D565BD674D9D5F81EF5C4EF8A6;31/07/2004 00:00:00
141;"398737566";1186;"adventure-works\michael2";38;"Production Technician - WC50";03/06/1964 00:00:00;"S";"M";04/03/1999 00:00:00;false;98;69;true;0x6625EBC628CF02469A255B91C8728838;31/07/2004 00:00:00
142;"764853868";1127;"adventure-works\andy0";135;"Production Technician - WC30";20/11/1973 00:00:00;"M";"M";04/03/1999 00:00:00;false;39;39;true;0xFE6B5A61463037409764238535F725BE;31/07/2004 00:00:00
143;"319472946";1229;"adventure-works\yuhong0";21;"Production Supervisor - WC20";08/05/1967 00:00:00;"M";"M";05/03/1999 00:00:00;false;41;40;true;0xF484A6F1DB02224B89776D8D3A21100E;31/07/2004 00:00:00
144;"456839592";1170;"adventure-works\robert0";159;"Production Technician - WC45";01/04/1975 00:00:00;"S";"M";06/03/1999 00:00:00;false;82;61;true;0x4E150322BD5ECA4A99BED835A3309D03;31/07/2004 00:00:00
145;"131471224";1272;"adventure-works\andreas0";41;"Quality Assurance Technician";29/04/1979 00:00:00;"M";"M";06/03/1999 00:00:00;false;84;62;true;0x4FD6DDF4FEDFF34DAA17D6BEA1924818;31/07/2004 00:00:00
146;"259388196";1111;"adventure-works\reed0";184;"Production Technician - WC30";09/02/1979 00:00:00;"M";"M";06/03/1999 00:00:00;false;23;31;true;0x007C96B314706049AF15B1A6D3094F6F;31/07/2004 00:00:00
147;"812797414";1100;"adventure-works\linda1";143;"Production Technician - WC20";06/11/1967 00:00:00;"S";"F";07/03/1999 00:00:00;false;12;26;true;0x13F963F99E44BB4EBFDAFC0C3010DB65;31/07/2004 00:00:00
148;"519899904";1052;"adventure-works\james1";109;"Vice President of Production";07/02/1973 00:00:00;"S";"M";07/03/1999 00:00:00;true;64;52;true;0x244F31D7F12A9C429BBB4038F45F3E6C;31/07/2004 00:00:00
149;"314747499";1261;"adventure-works\ramesh0";42;"Application Specialist";14/04/1978 00:00:00;"S";"M";07/03/1999 00:00:00;true;73;56;true;0x690219BE03407F4D809E7B3FDC235DA8;31/07/2004 00:00:00
150;"858323870";1256;"adventure-works\stephanie0";42;"Network Manager";26/04/1974 00:00:00;"S";"F";08/03/1999 00:00:00;true;68;54;true;0x7BBB1C22AE8B2B45A16FA67EBB3873C8;31/07/2004 00:00:00
151;"25011600";1095;"adventure-works\samantha0";108;"Production Technician - WC20";23/12/1977 00:00:00;"M";"F";08/03/1999 00:00:00;false;7;23;true;0xDDED2916AED0B94CA59C3A175F7027E5;31/07/2004 00:00:00
152;"436757988";1138;"adventure-works\tawana0";210;"Production Technician - WC40";12/12/1979 00:00:00;"S";"M";09/03/1999 00:00:00;false;50;45;true;0x503E4ABB2E2312429FAFE67429FEBC7D;31/07/2004 00:00:00
153;"652535724";1197;"adventure-works\denise0";14;"Production Technician - WC50";07/08/1978 00:00:00;"M";"F";09/03/1999 00:00:00;false;9;24;true;0x438C87776EF17D43892F3CFCC0715A0A;31/07/2004 00:00:00
154;"416679555";1240;"adventure-works\hao0";30;"Human Resources Administrative Assistant";19/05/1967 00:00:00;"S";"M";10/03/1999 00:00:00;false;52;46;true;0xC8C453FD4EB30F469EE5747B07FE98B3;31/07/2004 00:00:00
155;"377784364";1165;"adventure-works\alex0";123;"Production Technician - WC45";14/05/1980 00:00:00;"M";"M";12/03/1999 00:00:00;false;77;58;true;0xC2C96BB9255A9B4A887AC7C10E47B80C;31/07/2004 00:00:00
156;"66073987";1224;"adventure-works\eugene1";7;"Production Technician - WC60";13/03/1966 00:00:00;"S";"M";12/03/1999 00:00:00;false;36;38;true;0x353B5433DA770046A41B1EAFEA0AD643;31/07/2004 00:00:00
157;"999440576";1210;"adventure-works\brandon0";16;"Production Technician - WC60";11/02/1967 00:00:00;"M";"M";12/03/1999 00:00:00;false;22;31;true;0x35195DCAE244454C93BB809E59F56796;31/07/2004 00:00:00
158;"134969118";1049;"adventure-works\dylan0";3;"Research and Development Manager";27/03/1977 00:00:00;"M";"M";12/03/1999 00:00:00;true;61;50;true;0xCADE464F01EFFD4198290ADAB368E431;31/07/2004 00:00:00
159;"551834634";1063;"adventure-works\shane0";21;"Production Supervisor - WC45";24/06/1980 00:00:00;"S";"M";12/03/1999 00:00:00;false;75;57;true;0x58C325262A670040AD67B8CD3F318285;31/07/2004 00:00:00
160;"305522471";1106;"adventure-works\john2";182;"Production Technician - WC20";06/05/1976 00:00:00;"M";"M";13/03/1999 00:00:00;false;18;29;true;0x5199B6BAAD28CA4BB5AC032746D0CC6F;31/07/2004 00:00:00
161;"260770918";1267;"adventure-works\karen0";90;"Document Control Assistant";25/01/1966 00:00:00;"M";"F";13/03/1999 00:00:00;false;79;59;true;0x23ED418AE27A154CAA5D9496E721F848;31/07/2004 00:00:00
162;"788456780";1208;"adventure-works\jose0";16;"Production Technician - WC60";01/09/1974 00:00:00;"M";"M";14/03/1999 00:00:00;false;20;30;true;0x5625919EBA88EE41B946CB84AB4C1102;31/07/2004 00:00:00
163;"370581729";1188;"adventure-works\mandar0";74;"Production Technician - WC50";21/04/1976 00:00:00;"S";"M";14/03/1999 00:00:00;false;0;20;true;0x8A060E1FC548BF408190565150EFDADD;31/07/2004 00:00:00
164;"603686790";1047;"adventure-works\mikael0";274;"Buyer";18/09/1974 00:00:00;"S";"M";14/03/1999 00:00:00;false;59;49;true;0xFF55FDD0FA421E498B3BAB3316018909;31/07/2004 00:00:00
165;"152085091";1192;"adventure-works\sameer0";74;"Production Technician - WC50";27/07/1968 00:00:00;"M";"M";15/03/1999 00:00:00;false;4;22;true;0x9F1603A763158E48914DD784FD07F29A;31/07/2004 00:00:00
166;"663843431";1251;"adventure-works\dragan0";139;"Accounts Payable Specialist";18/03/1967 00:00:00;"M";"M";15/03/1999 00:00:00;false;63;51;true;0x344DC5514B06F744A6B17702BD491980;31/07/2004 00:00:00
167;"227319668";1133;"adventure-works\carol0";173;"Production Technician - WC30";18/11/1978 00:00:00;"M";"F";16/03/1999 00:00:00;false;45;42;true;0xA382018D595BEA4E9B3CC7F05DA9A2CE;31/07/2004 00:00:00
168;"578953538";1159;"adventure-works\rob1";87;"Production Technician - WC40";05/09/1963 00:00:00;"S";"M";17/03/1999 00:00:00;false;71;55;true;0x97A5FD542268B442B12863ECA03071F2;31/07/2004 00:00:00
169;"222400012";1176;"adventure-works\don0";38;"Production Technician - WC50";14/07/1961 00:00:00;"M";"M";17/03/1999 00:00:00;false;88;64;true;0x3D0520E72E92914CB81AA1CA4EF8BB0E;31/07/2004 00:00:00
170;"470689086";1235;"adventure-works\alan0";44;"Scheduling Assistant";30/04/1974 00:00:00;"M";"M";17/03/1999 00:00:00;false;47;43;true;0x541832DE76B0594DBB7B42152031B108;31/07/2004 00:00:00
171;"860123571";1117;"adventure-works\david7";184;"Production Technician - WC30";25/10/1975 00:00:00;"M";"M";18/03/1999 00:00:00;false;29;34;true;0x89B6AF85AB7EA841B1549446195D5BDE;31/07/2004 00:00:00
172;"273260055";1160;"adventure-works\baris0";87;"Production Technician - WC40";07/11/1980 00:00:00;"S";"M";19/03/1999 00:00:00;false;72;56;true;0xBF682D2358DFF948923553BD4B009B4B;31/07/2004 00:00:00
173;"578935259";1058;"adventure-works\michael3";21;"Production Supervisor - WC30";02/03/1979 00:00:00;"S";"M";19/03/1999 00:00:00;false;70;55;true;0xD772D71A4A7B7B4A867649DD7608CB94;31/07/2004 00:00:00
174;"752513276";1219;"adventure-works\steve0";18;"Production Technician - WC60";07/05/1981 00:00:00;"S";"M";19/03/1999 00:00:00;false;31;35;true;0xD778F612D3EAF44C8518A19AACF2A6D4;31/07/2004 00:00:00
175;"754372876";1203;"adventure-works\suchitra0";16;"Production Technician - WC60";11/07/1977 00:00:00;"M";"F";20/03/1999 00:00:00;false;15;27;true;0x32D9DB6AA50D5C4FAF678E3A53630896;31/07/2004 00:00:00
176;"58317344";1262;"adventure-works\karen1";42;"Application Specialist";19/06/1968 00:00:00;"S";"F";20/03/1999 00:00:00;true;74;57;true;0xF5D0C34532339D41AD40A98996BB5531;31/07/2004 00:00:00
177;"404159499";1101;"adventure-works\terrence0";143;"Production Technician - WC20";09/01/1975 00:00:00;"S";"M";20/03/1999 00:00:00;false;13;26;true;0x4264A74DEF5EFB41AE1916C55714F9AD;31/07/2004 00:00:00
178;"363910111";1246;"adventure-works\barbara1";139;"Accountant";04/02/1966 00:00:00;"M";"F";22/03/1999 00:00:00;true;58;49;true;0x4EA8FB3F978E4946A5E1859649D83AAE;31/07/2004 00:00:00
179;"599942664";1187;"adventure-works\chad0";38;"Production Technician - WC50";04/09/1980 00:00:00;"M";"M";22/03/1999 00:00:00;false;99;69;true;0x4C2DA38325478F47999791739BB957BA;31/07/2004 00:00:00
180;"993310268";1128;"adventure-works\rostislav0";135;"Production Technician - WC30";15/10/1967 00:00:00;"M";"M";23/03/1999 00:00:00;false;40;40;true;0x8C7A0200F8C2314AABA88A203638B8F1;31/07/2004 00:00:00
181;"20244403";1171;"adventure-works\belinda0";197;"Production Technician - WC45";19/10/1959 00:00:00;"S";"F";24/03/1999 00:00:00;false;83;61;true;0xECB514F77CCA6E4EA8122C5A119F4C30;31/07/2004 00:00:00
182;"862951447";1230;"adventure-works\katie0";21;"Production Supervisor - WC20";20/12/1974 00:00:00;"S";"F";24/03/1999 00:00:00;false;42;41;true;0x11B2E85BE5CBD84584FD23F36A881473;31/07/2004 00:00:00
183;"551346974";1112;"adventure-works\russell1";184;"Production Technician - WC30";14/03/1972 00:00:00;"M";"M";25/03/1999 00:00:00;false;24;32;true;0x89794CD57526F34EB392370A8D264B2B;31/07/2004 00:00:00
184;"60114406";1056;"adventure-works\jack0";21;"Production Supervisor - WC30";23/07/1973 00:00:00;"S";"M";25/03/1999 00:00:00;false;68;54;true;0x3072A469EE70FD48AC15C39F3712FF14;31/07/2004 00:00:00
185;"33237992";1053;"adventure-works\andrew0";21;"Production Supervisor - WC10";08/10/1978 00:00:00;"S";"M";26/03/1999 00:00:00;false;65;52;true;0x055B360843C16042A93C6B69418B1946;31/07/2004 00:00:00
186;"1300049";1155;"adventure-works\nicole0";87;"Production Technician - WC40";10/05/1976 00:00:00;"M";"F";26/03/1999 00:00:00;false;67;53;true;0x3B1E67156F01FD41840B5A9F7D776D9A;31/07/2004 00:00:00
187;"10708100";1198;"adventure-works\frank1";14;"Production Technician - WC50";24/08/1961 00:00:00;"S";"M";27/03/1999 00:00:00;false;10;25;true;0x84CD95B3BA773C4DA49DD9E8D6CF100B;31/07/2004 00:00:00
188;"672243793";1257;"adventure-works\peter1";150;"Network Administrator";29/06/1970 00:00:00;"S";"M";27/03/1999 00:00:00;false;69;54;true;0x6A1E60865569FC40BB4A1053A843CE99;31/07/2004 00:00:00
189;"63761469";1096;"adventure-works\anibal0";108;"Production Technician - WC20";06/10/1964 00:00:00;"S";"F";27/03/1999 00:00:00;false;8;24;true;0x29A818BCCEF0AF4E97852D84C86F925A;31/07/2004 00:00:00
190;"693168613";1139;"adventure-works\ken1";210;"Production Technician - WC40";29/06/1971 00:00:00;"M";"M";28/03/1999 00:00:00;false;51;45;true;0xD8009C69ABC4D24CA48F37CBCB5BFCCA;31/07/2004 00:00:00
191;"476980013";1241;"adventure-works\grant0";30;"Human Resources Administrative Assistant";18/05/1966 00:00:00;"S";"M";29/03/1999 00:00:00;false;53;46;true;0xBAAB1145347F0E40907BA663C20E1A41;31/07/2004 00:00:00
192;"334834274";1182;"adventure-works\michael4";38;"Production Technician - WC50";17/07/1979 00:00:00;"S";"M";29/03/1999 00:00:00;false;94;67;true;0x26C027EB709450448D5E1F38A41793B5;31/07/2004 00:00:00
193;"399658727";1166;"adventure-works\lionel0";159;"Production Technician - WC45";15/04/1978 00:00:00;"S";"M";30/03/1999 00:00:00;false;78;59;true;0x98171B237BF6C1459688265180F93D28;31/07/2004 00:00:00
194;"500412746";1225;"adventure-works\thomas0";7;"Production Technician - WC60";11/02/1976 00:00:00;"M";"M";30/03/1999 00:00:00;false;37;38;true;0x67AFF38FF232084A98C3A40F842D41A3;31/07/2004 00:00:00
195;"652779496";1284;"adventure-works\jimmy0";85;"Stocker";05/06/1975 00:00:00;"M";"M";30/03/1999 00:00:00;false;96;68;true;0x8727449620955549A45738AFDDB6FF13;31/07/2004 00:00:00
196;"878395493";1123;"adventure-works\michael5";135;"Production Technician - WC30";19/10/1972 00:00:00;"M";"M";30/03/1999 00:00:00;false;35;37;true;0xD476082B9689714EA613BE2E98E7ACCF;31/07/2004 00:00:00
197;"332349500";1064;"adventure-works\lori0";21;"Production Supervisor - WC45";19/08/1970 00:00:00;"S";"F";30/03/1999 00:00:00;false;76;58;true;0xFC36D423F70888498B4D490AA4E8B7E7;31/07/2004 00:00:00
198;"792847334";1048;"adventure-works\arvind0";274;"Buyer";21/09/1964 00:00:00;"M";"M";01/04/1999 00:00:00;false;60;50;true;0xF026DE51D96E704AB68988EB882674B6;31/07/2004 00:00:00
199;"621932914";1107;"adventure-works\stefen0";182;"Production Technician - WC20";21/01/1966 00:00:00;"S";"M";01/04/1999 00:00:00;false;19;29;true;0x9FBFEEB994F6C24B98EC9B4FB0379EDF;31/07/2004 00:00:00
200;"398223854";1268;"adventure-works\hazem0";148;"Quality Assurance Manager";27/11/1967 00:00:00;"S";"M";01/04/1999 00:00:00;true;80;60;true;0x0846C80545F49D4FBB5C0828C309C29D;26/01/2005 09:17:08
201;"519756660";1252;"adventure-works\janet0";139;"Accounts Payable Specialist";09/04/1969 00:00:00;"M";"F";02/04/1999 00:00:00;false;64;52;true;0x771D640C75863F4999478C65136559CD;31/07/2004 00:00:00
202;"912141525";1193;"adventure-works\elizabeth0";74;"Production Technician - WC50";26/02/1980 00:00:00;"M";"F";03/04/1999 00:00:00;false;5;22;true;0x3FF7A96243642F4FB86418186614BFB6;31/07/2004 00:00:00
203;"243322160";1032;"adventure-works\terry0";6;"Marketing Specialist";07/03/1976 00:00:00;"M";"M";03/04/1999 00:00:00;false;44;42;true;0x26760DAD0645C445898F9D7A0E13AABD;31/07/2004 00:00:00
204;"568626529";1115;"adventure-works\john3";184;"Production Technician - WC30";24/04/1972 00:00:00;"S";"M";04/04/1999 00:00:00;false;27;33;true;0xB1EAC796EA6D594CAFD8923F0E8DE1F6;31/07/2004 00:00:00
205;"301435199";1134;"adventure-works\merav0";173;"Production Technician - WC30";13/06/1973 00:00:00;"M";"F";04/04/1999 00:00:00;false;46;43;true;0x4A91E72ED3623B47A0E1E4E55341EC4E;31/07/2004 00:00:00
206;"368691270";1236;"adventure-works\brian1";44;"Scheduling Assistant";12/09/1974 00:00:00;"M";"M";04/04/1999 00:00:00;false;48;44;true;0x3327A0DF6EC2314E99D89167E4E5131D;31/07/2004 00:00:00
207;"211789056";1177;"adventure-works\kitti0";38;"Production Technician - WC50";07/07/1977 00:00:00;"S";"F";05/04/1999 00:00:00;false;89;64;true;0x2455A04934FAB14595BC489901DC5B50;31/07/2004 00:00:00
208;"63179277";1220;"adventure-works\jay0";18;"Production Technician - WC60";14/03/1966 00:00:00;"S";"M";06/04/1999 00:00:00;false;32;36;true;0x0978181894524F4785A1D5BE6BD518D6;31/07/2004 00:00:00
209;"587567941";1118;"adventure-works\jan0";184;"Production Technician - WC30";16/12/1964 00:00:00;"S";"M";06/04/1999 00:00:00;false;30;35;true;0x7D825F9771BEB14E8DBFE6C451D1FAD5;31/07/2004 00:00:00
210;"634335025";1059;"adventure-works\brenda0";21;"Production Supervisor - WC40";31/03/1973 00:00:00;"M";"F";06/04/1999 00:00:00;false;71;55;true;0x9B514D715E375A4C8491C758D00CF95F;31/07/2004 00:00:00
211;"65848458";1161;"adventure-works\andrew1";123;"Production Technician - WC45";26/10/1978 00:00:00;"S";"M";07/04/1999 00:00:00;false;73;56;true;0x20CFA2A25C4EF745A7BD1B94F0C3A43A;31/07/2004 00:00:00
212;"260805477";1263;"adventure-works\chris1";90;"Control Specialist";26/06/1977 00:00:00;"M";"M";07/04/1999 00:00:00;false;75;57;true;0xFB58C3457F9C364D8EC73D89E9FD07F4;31/07/2004 00:00:00
213;"442121106";1204;"adventure-works\chris2";16;"Production Technician - WC60";07/09/1976 00:00:00;"S";"M";08/04/1999 00:00:00;false;16;28;true;0xC784B377FBAF1648992BF5B3034EE4FF;31/07/2004 00:00:00
214;"300946911";1102;"adventure-works\shelley0";143;"Production Technician - WC20";08/01/1977 00:00:00;"S";"F";08/04/1999 00:00:00;false;14;27;true;0x562094133029904483CEAF2386D5A5E7;31/07/2004 00:00:00
215;"440379437";1145;"adventure-works\gabe0";210;"Production Technician - WC40";11/06/1978 00:00:00;"M";"M";09/04/1999 00:00:00;false;57;48;true;0x7C9A0C794C26484DA9D3E2571A8011D8;31/07/2004 00:00:00
216;"480951955";1247;"adventure-works\mike0";139;"Accountant";01/08/1969 00:00:00;"S";"M";09/04/1999 00:00:00;true;59;49;true;0x7D3335AC757CEE4DBB116564F257FE18;31/07/2004 00:00:00
217;"879342154";1289;"adventure-works\michael6";158;"Research and Development Manager";01/01/1975 00:00:00;"M";"M";04/06/1999 00:00:00;true;16;64;true;0x8036A4EA7155CB40AB1A3BF68F04459E;31/07/2004 00:00:00
218;"141165819";1274;"adventure-works\gary1";148;"Facilities Manager";21/03/1961 00:00:00;"M";"M";03/01/2000 00:00:00;true;86;63;true;0x59ECF6623556F3449CC12D8EEAF90A05;31/07/2004 00:00:00
219;"537092325";1215;"adventure-works\charles0";18;"Production Technician - WC60";03/10/1961 00:00:00;"S";"M";04/01/2000 00:00:00;false;27;33;true;0x9212C1CD74DFB04F86765B2AA4687142;31/07/2004 00:00:00
220;"455563743";1081;"adventure-works\ebru0";25;"Production Technician - WC10";23/10/1976 00:00:00;"S";"M";07/01/2000 00:00:00;false;93;66;true;0x2BA3256CB588844FA129F7F688DFA588;31/07/2004 00:00:00
221;"701156975";1092;"adventure-works\sylvester0";108;"Production Technician - WC20";13/12/1960 00:00:00;"M";"M";12/01/2000 00:00:00;false;4;22;true;0x083DC4D982385C4EBDF0F6BD7004CD04;31/07/2004 00:00:00
222;"1662732";1151;"adventure-works\brian2";51;"Production Technician - WC40";23/01/1961 00:00:00;"S";"M";12/01/2000 00:00:00;false;63;51;true;0x76F694C2AFCA24499730BC81AE408BE1;31/07/2004 00:00:00
223;"407505660";1044;"adventure-works\linda2";274;"Buyer";31/12/1960 00:00:00;"M";"F";18/01/2000 00:00:00;false;56;48;true;0xF4F906ED2321444C89D7E43E1E1ABC2F;31/07/2004 00:00:00
224;"294148271";1087;"adventure-works\betsy0";64;"Production Technician - WC10";17/01/1957 00:00:00;"S";"F";19/01/2000 00:00:00;false;99;69;true;0x1CBACDEB1D6C364D90F71893755C85E3;31/07/2004 00:00:00
225;"552560652";1275;"adventure-works\magnus0";218;"Facilities Administrative Assistant";27/09/1961 00:00:00;"M";"M";22/01/2000 00:00:00;false;87;63;true;0x09CC4B0AE5AC814490678B9ED70ECA18;31/07/2004 00:00:00
226;"834186596";1216;"adventure-works\karan0";18;"Production Technician - WC60";07/04/1960 00:00:00;"S";"M";23/01/2000 00:00:00;false;28;34;true;0x74BAB10880DDDA4F832793268B84977B;31/07/2004 00:00:00
227;"717889520";1082;"adventure-works\mary1";25;"Production Technician - WC10";20/10/1976 00:00:00;"M";"F";26/01/2000 00:00:00;false;94;67;true;0xD0F7C96D64564A4E90F57AB85EBB02E6;31/07/2004 00:00:00
228;"801365500";1078;"adventure-works\kevin2";25;"Production Technician - WC10";20/10/1976 00:00:00;"S";"M";26/01/2000 00:00:00;false;90;65;true;0x3DE5218B05E79A47B32E6E63AC2F4BCD;31/07/2004 00:00:00
229;"413787783";1152;"adventure-works\mihail0";51;"Production Technician - WC40";09/04/1961 00:00:00;"S";"M";30/01/2000 00:00:00;false;64;52;true;0x14BAA9035B0D7146B8512C1721EFBF01;31/07/2004 00:00:00
230;"109272464";1077;"adventure-works\bonnie0";185;"Production Technician - WC10";11/10/1976 00:00:00;"M";"F";02/02/2000 00:00:00;false;89;64;true;0x2AA550E961DFEC4F9063545664D65B89;31/07/2004 00:00:00
231;"482810518";1045;"adventure-works\fukiko0";274;"Buyer";25/12/1960 00:00:00;"M";"M";05/02/2000 00:00:00;false;57;48;true;0x3666CD3657C6C74F9BFACC1BFA9102A2;31/07/2004 00:00:00
232;"113393530";1088;"adventure-works\hung-fu0";108;"Production Technician - WC20";23/11/1961 00:00:00;"S";"M";07/02/2000 00:00:00;false;0;20;true;0x5F8D5D060495FE4F98DCE69677F19F15;31/07/2004 00:00:00
233;"466142721";1040;"adventure-works\gordon0";274;"Buyer";30/12/1956 00:00:00;"M";"M";12/02/2000 00:00:00;false;52;46;true;0xC3D5B22C37C4B1499FFDFAA096F6126F;31/07/2004 00:00:00
234;"390124815";1083;"adventure-works\kimberly0";64;"Production Technician - WC10";14/10/1976 00:00:00;"S";"F";13/02/2000 00:00:00;false;95;67;true;0x6C6B25CEEE1EED4399697CAC480FF4D7;31/07/2004 00:00:00
235;"6298838";1212;"adventure-works\kim1";16;"Production Technician - WC60";14/01/1957 00:00:00;"M";"F";17/02/2000 00:00:00;false;24;32;true;0xF4271C89CC28BB44BEA3DA5EA7FBE957;31/07/2004 00:00:00
236;"943170460";1153;"adventure-works\sandeep0";51;"Production Technician - WC40";03/01/1961 00:00:00;"S";"M";18/02/2000 00:00:00;false;65;52;true;0xE2216C60C03EA648A9FE6BC8123AC786;31/07/2004 00:00:00
237;"339233463";1093;"adventure-works\prasanna0";108;"Production Technician - WC20";01/06/1943 00:00:00;"M";"M";23/02/2000 00:00:00;false;5;22;true;0x0A24ED72D80F23448A499078BA6BCF6C;31/07/2004 00:00:00
238;"367453993";1046;"adventure-works\frank2";274;"Buyer";13/06/1942 00:00:00;"M";"M";24/02/2000 00:00:00;false;58;49;true;0xD0D82304141B18478C1785E2F98D222F;31/07/2004 00:00:00
239;"872923042";1089;"adventure-works\min0";108;"Production Technician - WC20";11/10/1964 00:00:00;"M";"M";25/02/2000 00:00:00;false;1;20;true;0x5DC375CC6615FA43B2E9D1E508EFDCD1;31/07/2004 00:00:00
240;"697712387";1148;"adventure-works\eric1";51;"Production Technician - WC40";08/01/1957 00:00:00;"M";"M";25/02/2000 00:00:00;false;60;50;true;0x382EF6555794C846A824E46A3117A935;31/07/2004 00:00:00
241;"381073001";1042;"adventure-works\eric2";274;"Buyer";19/10/1962 00:00:00;"S";"M";28/02/2000 00:00:00;false;54;47;true;0x77B38AA2F5067A41A5E259F459088699;31/07/2004 00:00:00
242;"646304055";1277;"adventure-works\pat0";49;"Janitor";03/01/1961 00:00:00;"S";"M";28/02/2000 00:00:00;false;89;64;true;0x47842349EE300940993F0B6C756AB436;31/07/2004 00:00:00
243;"414476027";1218;"adventure-works\maciej0";18;"Production Technician - WC60";02/03/1945 00:00:00;"S";"M";01/03/2000 00:00:00;false;30;35;true;0x3FD92932146AAC4BABC5A91B9ECFB4D3;31/07/2004 00:00:00
244;"785853949";1041;"adventure-works\erin0";274;"Buyer";04/02/1961 00:00:00;"S";"F";03/03/2000 00:00:00;false;53;46;true;0xA91207B6A5509642B89269C4701834B0;31/07/2004 00:00:00
245;"90888098";1084;"adventure-works\patrick0";64;"Production Technician - WC10";11/10/1976 00:00:00;"S";"M";04/03/2000 00:00:00;false;96;68;true;0xE6E9FBD5C5B84C48B4B848059E0EF267;31/07/2004 00:00:00
246;"947029962";1154;"adventure-works\frank3";51;"Production Technician - WC40";03/04/1942 00:00:00;"M";"M";08/03/2000 00:00:00;false;66;53;true;0xCC4AF29A3EEAFE4EB5E34762C496D57C;31/07/2004 00:00:00
247;"461786517";1213;"adventure-works\ed0";16;"Production Technician - WC60";12/10/1961 00:00:00;"S";"M";08/03/2000 00:00:00;false;25;32;true;0xB32FF28E37AF444B8862D60A7CB09D82;31/07/2004 00:00:00
248;"393421437";1079;"adventure-works\christopher0";25;"Production Technician - WC10";01/11/1976 00:00:00;"M";"M";11/03/2000 00:00:00;false;91;65;true;0x55601CF77B55604686FF8C0FA14B24E6;31/07/2004 00:00:00
249;"988315686";1149;"adventure-works\patrick1";51;"Production Technician - WC40";24/01/1964 00:00:00;"M";"M";15/03/2000 00:00:00;false;61;50;true;0xAE526C299F169242975DC508476DCECF;31/07/2004 00:00:00
250;"56772045";1090;"adventure-works\krishna0";108;"Production Technician - WC20";06/10/1961 00:00:00;"S";"M";16/03/2000 00:00:00;false;2;21;true;0xA506A542C00A4841B702BB7B804EF98C;31/07/2004 00:00:00
251;"879334904";1278;"adventure-works\lori1";49;"Janitor";31/08/1960 00:00:00;"M";"F";19/03/2000 00:00:00;false;90;65;true;0x87E19F9224EE5F4FAF2AF96324F09423;31/07/2004 00:00:00
252;"82638150";1085;"adventure-works\danielle0";64;"Production Technician - WC10";08/10/1976 00:00:00;"S";"F";23/03/2000 00:00:00;false;97;68;true;0x596188BB00146442B7C9A3769BEB1274;31/07/2004 00:00:00
253;"343861179";1273;"adventure-works\sootha0";41;"Quality Assurance Technician";05/01/1957 00:00:00;"M";"M";26/03/2000 00:00:00;false;85;62;true;0x19DFDAA3F0270A469888CE6CAA9E3583;31/07/2004 00:00:00
254;"582347317";1214;"adventure-works\michael7";18;"Production Technician - WC60";07/10/1963 00:00:00;"S";"M";26/03/2000 00:00:00;false;26;33;true;0xBD242B49E9BD7143B96ECCD72264B91F;31/07/2004 00:00:00
255;"8066363";1217;"adventure-works\randy0";18;"Production Technician - WC60";29/05/1960 00:00:00;"M";"M";26/03/2000 00:00:00;false;29;34;true;0x8D10089A39E062488F9355F18017AD72;31/07/2004 00:00:00
256;"561196580";1080;"adventure-works\john4";25;"Production Technician - WC10";29/10/1976 00:00:00;"S";"M";30/03/2000 00:00:00;false;92;66;true;0xD923CFD4B621E445827C22890DF0373B;31/07/2004 00:00:00
257;"58791499";1150;"adventure-works\jack1";51;"Production Technician - WC40";30/09/1963 00:00:00;"S";"M";03/04/2000 00:00:00;false;62;51;true;0x87D308D3F3F75F4BABDAFAF5574245CD;31/07/2004 00:00:00
258;"163347032";1091;"adventure-works\olinda0";108;"Production Technician - WC20";05/05/1960 00:00:00;"S";"F";04/04/2000 00:00:00;false;3;21;true;0xC3CE56641E9BBC4E9FD8732B93363F65;31/07/2004 00:00:00
259;"28414965";1276;"adventure-works\stuart1";49;"Janitor";17/01/1962 00:00:00;"M";"M";05/04/2000 00:00:00;false;88;64;true;0xE69127CC2976C549922A81445AFDF033;31/07/2004 00:00:00
260;"153479919";1279;"adventure-works\jo1";49;"Janitor";25/05/1944 00:00:00;"M";"F";07/04/2000 00:00:00;false;91;65;true;0xCA5CAF39529BE541B51072901D2578F6;31/07/2004 00:00:00
261;"20269531";1043;"adventure-works\ben0";274;"Buyer";05/07/1963 00:00:00;"M";"M";09/04/2000 00:00:00;false;55;47;true;0xAE1C64B95C766246B760C167A1F2B8B5;31/07/2004 00:00:00
262;"826454897";1086;"adventure-works\tom0";64;"Production Technician - WC10";01/11/1976 00:00:00;"M";"M";10/04/2000 00:00:00;false;98;69;true;0xC57FBFB31420CE48B7BB76124FA8446C;31/07/2004 00:00:00
263;"974026903";1007;"adventure-works\ovidiu0";3;"Senior Tool Designer";18/02/1968 00:00:00;"S";"M";05/01/2001 00:00:00;false;7;23;true;0x197C8CF6C1FA8C439BB7AC33FCC341C3;31/07/2004 00:00:00
264;"437296311";1038;"adventure-works\annette0";274;"Purchasing Assistant";01/03/1968 00:00:00;"M";"F";06/01/2001 00:00:00;false;50;45;true;0x5F39039E5D4D534A880E174BD8C1DB59;31/07/2004 00:00:00
265;"486228782";1008;"adventure-works\janice0";263;"Tool Designer";29/06/1979 00:00:00;"M";"F";23/01/2001 00:00:00;false;8;24;true;0xB6914B95A75AC24886856E11C6E5C49A;31/07/2004 00:00:00
266;"280633567";1039;"adventure-works\reinout0";274;"Purchasing Assistant";18/02/1968 00:00:00;"M";"M";25/01/2001 00:00:00;false;51;45;true;0x00EB2598368E064593A26DDCDC0B13C3;31/07/2004 00:00:00
267;"42487730";1003;"adventure-works\michael8";3;"Senior Design Engineer";17/07/1969 00:00:00;"S";"M";30/01/2001 00:00:00;true;3;21;true;0xA46C2846DD46DB4D912885B67E98D1A9;31/07/2004 00:00:00
268;"502097814";1011;"adventure-works\stephen0";273;"North American Sales Manager";17/11/1941 00:00:00;"M";"M";04/02/2001 00:00:00;true;14;27;true;0x9EFAD586C04BC84891DC1EC467418D11;31/07/2004 00:00:00
269;"323403273";1029;"adventure-works\wanida0";6;"Marketing Assistant";17/04/1965 00:00:00;"M";"F";07/02/2001 00:00:00;false;41;40;true;0x46A4CC431CDA4C458530873AD2923E1B;31/07/2004 00:00:00
270;"56920285";1004;"adventure-works\sharon0";3;"Design Engineer";03/06/1951 00:00:00;"M";"F";18/02/2001 00:00:00;true;4;22;true;0xC0FDF254C4876540A7A89AC8EA624235;31/07/2004 00:00:00
271;"222969461";1036;"adventure-works\john5";6;"Marketing Specialist";06/04/1968 00:00:00;"S";"M";10/03/2001 00:00:00;false;48;44;true;0x15047364581F5B4E8FA85E4DAEBA53B4;31/07/2004 00:00:00
272;"52541318";1031;"adventure-works\mary2";6;"Marketing Assistant";01/03/1968 00:00:00;"S";"F";17/03/2001 00:00:00;false;43;41;true;0x01A96D1FF7C7A8488EEFD81868D72B52;31/07/2004 00:00:00
273;"112432117";1010;"adventure-works\brian3";109;"Vice President of Sales";08/07/1967 00:00:00;"S";"M";18/03/2001 00:00:00;true;10;25;true;0x7C55ECF3418BE64EBB0CE3B93AFF81E5;31/07/2004 00:00:00
274;"895209680";1037;"adventure-works\sheela0";71;"Purchasing Manager";13/03/1968 00:00:00;"S";"F";28/03/2001 00:00:00;true;49;44;true;0x55016B7D910199458394378EBDE63C9A;31/07/2004 00:00:00
275;"841560125";1026;"adventure-works\michael9";268;"Sales Representative";26/01/1959 00:00:00;"S";"M";01/07/2001 00:00:00;true;38;39;true;0xE28D9FE1400F8C4184A2DB48B98DC6A2;31/07/2004 00:00:00
276;"191644724";1018;"adventure-works\linda3";268;"Sales Representative";30/03/1970 00:00:00;"M";"F";01/07/2001 00:00:00;true;27;33;true;0x87F309453AD7DC43A502B1C27AA1DC9E;31/07/2004 00:00:00
277;"615389812";1016;"adventure-works\jillian0";268;"Sales Representative";29/09/1952 00:00:00;"S";"F";01/07/2001 00:00:00;true;24;32;true;0x7BC911A01C083947996FC1CAC4532F8D;31/07/2004 00:00:00
278;"234474252";1021;"adventure-works\garrett1";268;"Sales Representative";07/03/1965 00:00:00;"M";"M";01/07/2001 00:00:00;true;33;36;true;0x16CCEE500D0DA9439649016C06DE8D78;31/07/2004 00:00:00
279;"716374314";1019;"adventure-works\tsvi0";268;"Sales Representative";19/02/1964 00:00:00;"M";"M";01/07/2001 00:00:00;true;29;34;true;0xCE0F51BB05010643B5916450D9EBF401;31/07/2004 00:00:00
280;"61161660";1014;"adventure-works\pamela0";268;"Sales Representative";06/01/1965 00:00:00;"S";"F";01/07/2001 00:00:00;true;22;31;true;0xD6B92776070706479AD90D37506B08AE;31/07/2004 00:00:00
281;"139397894";1017;"adventure-works\shu0";268;"Sales Representative";10/04/1958 00:00:00;"M";"M";01/07/2001 00:00:00;true;26;33;true;0x91C80341E837FC4DAEACB55E2BC1BE1C;31/07/2004 00:00:00
282;"399771412";1020;"adventure-works\jos√©1";268;"Sales Representative";11/01/1954 00:00:00;"M";"M";01/07/2001 00:00:00;true;31;35;true;0xFB9239FD67301D45A09D73BD53C0FECA;31/07/2004 00:00:00
283;"987554265";1015;"adventure-works\david8";268;"Sales Representative";14/03/1964 00:00:00;"S";"M";01/07/2001 00:00:00;true;23;31;true;0x919E8F1E8F50494DACD2775C836030ED;31/07/2004 00:00:00
284;"982310417";1013;"adventure-works\amy0";273;"European Sales Manager";22/10/1947 00:00:00;"M";"F";18/05/2002 00:00:00;true;21;30;true;0x4564D66678EE76469E660E22D6109A92;31/07/2004 00:00:00
285;"668991357";1025;"adventure-works\jae0";284;"Sales Representative";18/04/1958 00:00:00;"M";"F";01/07/2002 00:00:00;true;37;38;true;0x21593A72A1D859469BC413C4CF7C9C91;31/07/2004 00:00:00
286;"134219713";1022;"adventure-works\ranjit0";284;"Sales Representative";31/10/1965 00:00:00;"S";"M";01/07/2002 00:00:00;true;34;37;true;0xF91342600FDDB443BDD2C96E93D3F4BF;31/07/2004 00:00:00
287;"90836195";1027;"adventure-works\tete0";268;"Sales Representative";06/02/1968 00:00:00;"M";"M";01/11/2002 00:00:00;true;39;39;true;0x00CE670C78DE1247908F06939A2C58D5;31/07/2004 00:00:00
288;"481044938";1012;"adventure-works\syed0";273;"Pacific Sales Manager";11/02/1965 00:00:00;"M";"M";15/04/2003 00:00:00;true;20;30;true;0xDB92F2863CB79D429912800994D809FB;31/07/2004 00:00:00
289;"954276278";1023;"adventure-works\rachel0";284;"Sales Representative";09/08/1965 00:00:00;"S";"F";01/07/2003 00:00:00;true;35;37;true;0x4177BFB9CAE0374FACDEA4F78C6D03E9;31/07/2004 00:00:00
290;"758596752";1024;"adventure-works\lynn0";288;"Sales Representative";18/04/1961 00:00:00;"S";"F";01/07/2003 00:00:00;true;36;38;true;0x07849A4A80A66B4A8D03511CB58F9A8A;31/07/2004 00:00:00
